article1,article2, similarity
003.txt,210.txt,1.0000000000000002
087.txt,088.txt,1.0000000000000002
158.txt,161.txt,1.0
163.txt,164.txt,1.0
018.txt,027.txt,0.99898981295962
189.txt,205.txt,0.9066406430977973
002.txt,262.txt,0.7977968482141655
132.txt,138.txt,0.7796526739153479
018.txt,024.txt,0.6665301812555338
024.txt,027.txt,0.6654451540811809
